DBN,Grade
75K036,C
75K053,A
75K140,D
75K368,F
75K369,C
75K372,A
75K771,A
75M094,C
75M169,B
75M811,C
75Q004,D
75Q009,B
75Q075,A
75Q224,B
75Q256,A
75R025,B
75R373,B
75X010,A
75X017,A
75X168,C
75X186,B
75X188,B
75X352,B
75X723,B
03M185,B
04M112,B
06M178,C
09X088,B
09X170,B
09X236,C
09X449,B
10X023,C
10X207,B
10X209,A
11X169,C
17K249,A
20K682,D
20K686,A
22K361,D
24Q007,B
24Q028,B
24Q305,B
25Q130,A
25Q242,B
25Q244,A
28Q182,C
28Q303,A
29Q251,B
30Q222,A
30Q228,A
84K379,
84K711,B
84K712,A
84K734,C
84K737,B
84K746,C
84K797,C
84M483,C
84Q321,C
84X461,C
84X487,C
84X491,A
01M015,C
01M019,B
01M020,C
01M034,A
01M063,B
01M064,C
01M110,D
01M134,C
01M137,C
01M140,C
01M142,B
01M184,A
01M188,A
01M292,C
01M301,B
01M315,B
01M332,B
01M345,C
01M361,C
01M363,D
01M364,C
01M378,B
01M450,A
01M539,A
01M839,A
02M001,C
02M002,A
02M003,C
02M006,B
02M011,B
02M033,A
02M040,B
02M041,B
02M042,A
02M051,C
02M059,B
02M077,B
02M089,B
02M104,B
02M111,C
02M114,A
02M116,C
02M124,B
02M126,A
02M130,A
02M131,A
02M150,C
02M158,B
02M167,B
02M183,B
02M198,D
02M212,B
02M217,D
02M225,C
02M234,C
02M255,A
02M260,A
02M276,C
02M289,C
02M290,A
02M312,A
02M347,C
02M407,C
02M408,B
02M413,C
02M422,B
02M442,B
02M655,B
02M896,B
03M009,B
03M054,B
03M075,C
03M076,C
03M084,B
03M087,B
03M145,C
03M149,F
03M163,B
03M165,B
03M166,B
03M180,C
03M191,C
03M199,B
03M208,B
03M241,F
03M242,D
03M243,A
03M245,B
03M247,A
03M250,B
03M256,B
03M258,A
03M333,C
03M334,A
03M415,D
03M421,C
03M859,A
03M860,B
03M862,A
04M007,B
04M012,A
04M013,D
04M037,C
04M038,B
04M045,D
04M050,B
04M057,A
04M072,A
04M083,B
04M096,C
04M102,B
04M108,C
04M146,B
04M155,C
04M171,A
04M182,A
04M206,B
04M224,C
04M372,B
04M375,B
04M377,A
04M381,B
04M406,B
04M497,C
04M610,C
04M825,C
04M964,C
05M030,C
05M036,C
05M046,C
05M092,B
05M123,C
05M125,C
05M129,B
05M133,F
05M154,C
05M161,B
05M175,C
05M194,B
05M195,
05M197,D
05M200,D
05M286,A
05M302,C
05M318,C
05M362,C
05M367,F
05M410,C
05M469,F
05M499,C
05M514,
05M670,C
06M004,B
06M005,D
06M008,C
06M018,A
06M028,B
06M048,B
06M052,B
06M098,B
06M115,C
06M128,A
06M132,D
06M143,B
06M152,C
06M153,A
06M173,D
06M187,C
06M189,B
06M192,B
06M210,C
06M218,A
06M223,C
06M278,A
06M293,A
06M311,B
06M314,D
06M319,A
06M322,B
06M324,A
06M325,B
06M326,C
06M328,B
06M346,B
06M348,A
06M349,A
06M366,A
06M368,C
06M528,C
07X001,C
07X005,B
07X018,C
07X025,A
07X029,C
07X030,B
07X031,C
07X043,A
07X049,A
07X065,B
07X151,C
07X154,F
07X157,D
07X161,C
07X162,C
07X179,A
07X203,D
07X221,D
07X223,B
07X224,B
07X277,C
07X296,B
07X298,A
07X343,A
07X369,D
07X385,D
07X500,B
07X551,B
08X014,A
08X036,B
08X048,A
08X062,B
08X069,A
08X071,B
08X072,B
08X075,B
08X093,A
08X100,C
08X101,C
08X107,C
08X119,B
08X123,C
08X125,F
08X130,B
08X131,C
08X138,C
08X140,C
08X146,C
08X152,A
08X182,B
08X269,B
08X301,C
08X302,C
08X304,B
08X333,C
08X335,B
08X337,A
08X366,D
08X367,B
08X371,B
08X375,F
08X376,D
08X424,C
08X448,B
08X467,C
09X002,
09X004,A
09X011,B
09X022,C
09X028,C
09X035,B
09X042,C
09X053,A
09X055,C
09X058,C
09X063,A
09X064,D
09X070,C
09X073,D
09X109,B
09X110,B
09X114,B
09X117,B
09X126,C
09X128,C
09X132,D
09X145,B
09X163,C
09X199,C
09X204,A
09X215,B
09X218,C
09X219,B
09X229,B
09X230,F
09X231,C
09X232,A
09X241,B
09X303,C
09X313,C
09X323,C
09X324,D
09X325,B
09X327,A
09X328,C
09X339,C
09X413,B
09X443,C
09X454,A
09X457,C
09X505,C
09X517,
10X003,C
10X007,A
10X008,A
10X009,C
10X015,B
10X020,A
10X024,C
10X032,A
10X033,C
10X037,B
10X045,D
10X046,B
10X051,A
10X054,C
10X056,A
10X059,B
10X080,B
10X081,B
10X085,B
10X086,A
10X091,B
10X094,D
10X095,B
10X118,C
10X141,B
10X159,C
10X205,A
10X206,C
10X225,C
10X226,C
10X228,B
10X243,D
10X244,A
10X246,C
10X254,B
10X279,A
10X280,A
10X291,A
10X306,C
10X307,A
10X308,A
10X310,A
10X315,A
10X331,B
10X340,A
10X342,A
10X344,C
10X360,B
10X363,C
10X368,B
10X382,A
10X386,A
10X390,B
10X391,B
10X396,C
10X447,B
10X459,C
11X016,C
11X019,B
11X021,C
11X041,C
11X068,C
11X076,C
11X078,C
11X083,B
11X087,C
11X089,C
11X096,B
11X097,B
11X103,C
11X105,B
11X106,B
11X108,C
11X111,D
11X112,C
11X121,C
11X127,B
11X142,C
11X144,D
11X153,A
11X160,C
11X175,C
11X178,C
11X180,C
11X181,C
11X189,D
11X194,A
11X270,
11X272,C
11X287,A
11X289,B
11X322,
11X326,B
11X370,C
11X462,A
11X468,A
11X498,B
11X529,
11X532,
12X006,C
12X044,D
12X047,D
12X050,F
12X057,C
12X061,A
12X066,A
12X067,B
12X092,C
12X098,A
12X102,
12X129,B
12X134,C
12X150,B
12X190,A
12X195,C
12X196,A
12X198,
12X211,C
12X212,C
12X214,B
12X217,B
12X242,A
12X245,
12X267,A
12X271,B
12X273,B
12X286,B
12X300,D
12X316,B
12X318,C
12X341,A
12X372,A
12X383,C
12X384,C
12X463,D
12X691,B
13K003,C
13K008,B
13K009,B
13K011,A
13K020,C
13K044,B
13K046,B
13K054,B
13K056,B
13K067,D
13K093,A
13K103,
13K113,D
13K133,B
13K256,B
13K265,B
13K266,D
13K270,D
13K282,B
13K287,C
13K301,D
13K305,D
13K307,B
13K313,A
13K336,
13K492,C
13K527,D
13K571,
13K596,F
13K691,B
14K016,B
14K017,A
14K018,B
14K019,
14K023,C
14K031,A
14K034,B
14K050,B
14K059,C
14K071,B
14K084,B
14K110,B
14K120,A
14K126,C
14K132,A
14K147,A
14K157,B
14K196,A
14K250,C
14K257,A
14K297,B
14K318,B
14K330,C
14K380,A
14K577,A
14K582,C
14K586,C
14K614,C
15K001,C
15K010,A
15K015,A
15K024,C
15K029,C
15K032,A
15K038,B
15K039,B
15K051,B
15K058,B
15K088,B
15K094,D
15K107,A
15K124,A
15K130,A
15K131,A
15K136,B
15K146,A
15K154,C
15K169,B
15K172,A
15K230,A
15K261,C
15K295,B
15K321,B
15K418,B
15K429,C
15K442,B
15K443,A
15K447,A
15K448,A
15K462,
15K463,
15K464,C
15K497,B
15K592,
15K676,B
15K821,A
16K005,B
16K021,B
16K025,B
16K026,B
16K028,B
16K035,A
16K040,A
16K057,C
16K081,A
16K243,B
16K262,B
16K267,A
16K308,C
16K309,C
16K335,A
16K385,B
16K393,
16K534,D
16K584,C
16K627,A
16K628,B
16K636,A
17K002,B
17K006,A
17K012,B
17K022,
17K061,C
17K091,C
17K092,D
17K138,A
17K161,F
17K167,D
17K181,C
17K189,B
17K191,B
17K221,D
17K241,B
17K246,B
17K289,B
17K316,B
17K334,D
17K340,C
17K352,C
17K353,C
17K354,A
17K375,C
17K382,C
17K394,C
17K397,C
17K398,F
17K399,B
17K484,C
17K531,A
17K533,B
17K543,B
17K587,
17K590,C
18K066,D
18K068,C
18K114,D
18K115,B
18K135,C
18K208,C
18K211,A
18K219,C
18K233,C
18K235,A
18K244,B
18K268,C
18K272,B
18K276,B
18K279,C
18K285,C
18K366,C
18K581,C
18K588,C
18K598,A
19K007,B
19K013,C
19K065,C
19K089,A
19K108,A
19K149,A
19K158,C
19K159,C
19K166,C
19K171,D
19K174,D
19K190,F
19K202,D
19K213,B
19K214,B
19K218,C
19K224,F
19K260,
19K273,D
19K290,B
19K292,C
19K302,F
19K306,C
19K311,C
19K328,C
19K345,B
19K346,C
19K364,C
19K409,A
19K452,B
19K677,F
19K678,B
20K030,B
20K048,B
20K062,B
20K069,A
20K102,B
20K104,B
20K105,B
20K112,A
20K127,B
20K160,A
20K163,A
20K164,B
20K170,A
20K176,A
20K179,C
20K180,B
20K185,A
20K186,A
20K187,A
20K192,A
20K200,C
20K201,A
20K204,B
20K205,A
20K220,B
20K223,A
20K227,B
20K229,B
20K247,A
20K259,A
20K503,B
20K506,B
20K609,B
21K090,B
21K095,B
21K096,C
21K097,B
21K098,A
21K099,A
21K100,C
21K101,A
21K121,A
21K128,B
21K153,C
21K177,B
21K188,C
21K199,B
21K209,B
21K212,B
21K215,B
21K216,C
21K225,B
21K226,A
21K228,A
21K238,C
21K239,B
21K253,A
21K281,A
21K288,A
21K303,A
21K329,B
21K468,B
21K690,A
22K014,B
22K052,C
22K078,C
22K109,B
22K119,B
22K134,A
22K139,D
22K152,B
22K193,C
22K194,B
22K195,A
22K197,B
22K198,C
22K203,B
22K206,B
22K207,B
22K217,B
22K222,A
22K234,B
22K236,B
22K240,B
22K245,A
22K251,B
22K254,B
22K255,A
22K269,C
22K277,B
22K278,B
22K312,A
22K315,C
22K381,C
22K555,C
23K041,B
23K073,F
23K137,A
23K150,C
23K155,B
23K156,C
23K165,C
23K178,C
23K184,C
23K284,D
23K298,D
23K323,B
23K327,C
23K332,
23K392,C
23K493,
23K518,B
23K522,F
23K631,
23K634,D
23K644,B
23K671,B
23K697,F
24Q005,A
24Q012,A
24Q013,A
24Q014,B
24Q016,A
24Q019,A
24Q049,B
24Q058,C
24Q061,B
24Q068,B
24Q071,D
24Q073,B
24Q077,B
24Q081,B
24Q087,B
24Q088,C
24Q089,B
24Q091,B
24Q093,B
24Q102,B
24Q113,B
24Q119,A
24Q125,A
24Q128,B
24Q143,C
24Q153,A
24Q199,A
24Q229,B
24Q239,B
24Q307,C
24Q560,C
24Q877,A
25Q020,B
25Q021,B
25Q022,A
25Q024,A
25Q025,C
25Q029,B
25Q032,A
25Q079,C
25Q107,C
25Q120,B
25Q129,A
25Q154,C
25Q163,B
25Q164,A
25Q165,B
25Q169,C
25Q184,B
25Q185,B
25Q189,B
25Q193,C
25Q194,C
25Q200,B
25Q201,B
25Q209,A
25Q214,B
25Q219,A
25Q237,A
25Q250,A
25Q252,C
25Q281,B
25Q285,B
25Q294,B
25Q499,B
26Q018,C
26Q026,B
26Q031,B
26Q041,A
26Q046,A
26Q067,B
26Q074,B
26Q094,B
26Q098,B
26Q115,B
26Q133,A
26Q158,B
26Q159,A
26Q162,B
26Q172,B
26Q173,B
26Q178,C
26Q186,A
26Q188,A
26Q191,A
26Q203,A
26Q205,A
26Q213,A
26Q216,B
26Q221,A
26Q266,B
27Q042,C
27Q043,C
27Q045,B
27Q047,B
27Q053,C
27Q056,C
27Q060,A
27Q062,C
27Q063,B
27Q064,A
27Q065,B
27Q066,A
27Q090,A
27Q096,B
27Q097,A
27Q100,C
27Q104,B
27Q105,B
27Q106,B
27Q108,B
27Q114,C
27Q123,B
27Q124,A
27Q137,C
27Q146,B
27Q155,C
27Q183,C
27Q197,D
27Q202,B
27Q207,C
27Q210,C
27Q215,
27Q223,C
27Q226,C
27Q232,B
27Q253,C
27Q254,A
27Q262,B
27Q282,A
27Q306,C
27Q309,C
27Q317,B
27Q318,C
27Q319,B
27Q323,A
27Q333,C
28Q008,C
28Q030,
28Q040,D
28Q048,C
28Q050,B
28Q054,B
28Q055,D
28Q072,C
28Q080,B
28Q082,B
28Q086,C
28Q099,A
28Q101,C
28Q117,B
28Q121,A
28Q139,B
28Q140,F
28Q144,B
28Q157,A
28Q160,C
28Q161,B
28Q167,A
28Q174,B
28Q175,B
28Q190,B
28Q196,A
28Q206,D
28Q217,B
28Q220,C
28Q284,C
28Q310,C
28Q680,B
28Q896,C
29Q015,C
29Q033,C
29Q034,B
29Q035,C
29Q036,C
29Q037,D
29Q038,B
29Q052,C
29Q059,C
29Q095,A
29Q109,B
29Q116,B
29Q118,C
29Q131,B
29Q132,D
29Q134,B
29Q135,C
29Q136,C
29Q138,D
29Q147,C
29Q156,D
29Q176,C
29Q181,C
29Q192,A
29Q195,C
29Q208,B
29Q231,
29Q238,C
29Q259,C
29Q268,C
29Q270,B
29Q283,B
29Q295,C
29Q327,C
29Q355,
29Q356,
30Q002,B
30Q010,B
30Q011,A
30Q017,C
30Q069,A
30Q070,C
30Q076,B
30Q078,A
30Q084,C
30Q085,C
30Q092,A
30Q111,B
30Q112,A
30Q122,A
30Q126,A
30Q127,C
30Q141,A
30Q145,B
30Q148,B
30Q149,A
30Q150,A
30Q151,C
30Q152,A
30Q166,A
30Q171,C
30Q204,B
30Q212,A
30Q227,B
30Q230,B
30Q234,C
30Q235,A
30Q286,C
30Q580,B
31R001,B
31R002,C
31R003,C
31R004,B
31R005,C
31R006,C
31R007,A
31R008,A
31R011,D
31R013,A
31R014,
31R016,C
31R018,B
31R019,B
31R020,B
31R021,B
31R022,C
31R023,B
31R024,C
31R026,C
31R027,C
31R029,B
31R030,C
31R031,C
31R032,C
31R034,A
31R035,A
31R036,C
31R038,B
31R039,D
31R041,C
31R042,C
31R044,B
31R045,C
31R046,C
31R048,B
31R049,C
31R050,C
31R051,C
31R052,C
31R053,B
31R054,C
31R055,C
31R056,C
31R057,C
31R058,B
31R060,B
31R061,C
31R063,A
31R065,A
31R069,C
31R072,C
31R075,B
31R080,C
31R861,A
32K045,B
32K075,C
32K086,B
32K106,A
32K116,A
32K123,B
32K145,B
32K151,C
32K162,B
32K274,B
32K291,C
32K296,
32K299,A
32K347,C
32K349,D
32K376,C
32K377,C
32K383,C
32K384,A
32K554,C
84K355,A
84K356,A
84K357,A
84K358,B
84K359,D
84K362,A
84K386,
84K508,A
84K517,B
84K536,C
84K538,A
84K593,C
84K608,B
84K626,A
84K648,A
84K649,B
84K651,A
84K652,A
84K701,A
84K702,B
84K703,B
84K704,A
84K707,B
84K710,A
84K726,C
84K730,B
84K731,B
84K740,C
84K742,C
84K744,A
84K777,A
84K780,A
84K782,B
84K791,B
84M279,C
84M284,B
84M320,B
84M329,A
84M330,B
84M335,B
84M336,A
84M341,C
84M350,A
84M351,A
84M353,B
84M382,A
84M384,A
84M385,A
84M386,A
84M388,B
84M430,A
84M478,A
84M481,A
84M524,
84M702,C
84M704,B
84M705,B
84M708,A
84M709,A
84M726,B
84M861,B
84Q170,B
84Q304,B
84Q341,A
84Q704,B
84Q705,B
84Q706,C
84R067,B
84R073,C
84X165,A
84X185,D
84X255,A
84X309,A
84X345,D
84X346,A
84X378,A
84X389,A
84X394,D
84X398,D
84X407,B
84X419,A
84X422,A
84X482,F
84X488,A
84X496,A
84X703,D
84X704,A
84X705,A
84X706,A
84X717,A
84X718,B
84X730,C
01M292,C
01M448,B
01M450,A
01M509,C
01M539,A
01M696,B
02M047,B
02M288,A
02M294,B
02M296,A
02M298,A
02M300,C
02M303,A
02M305,A
02M308,A
02M316,B
02M374,C
02M376,B
02M392,
02M393,
02M399,
02M400,B
02M407,A
02M408,B
02M411,A
02M412,A
02M413,A
02M414,A
02M416,A
02M418,A
02M419,C
02M420,B
02M425,C
02M427,
02M429,
02M437,
02M438,
02M439,A
02M440,
02M449,A
02M459,A
02M460,
02M475,A
02M489,B
02M500,A
02M507,
02M519,A
02M520,D
02M529,B
02M531,A
02M542,A
02M543,A
02M545,A
02M551,A
02M580,B
02M600,A
02M615,B
02M620,
02M625,F
02M630,B
02M655,B
03M283,
03M299,B
03M307,B
03M402,
03M403,
03M415,C
03M417,
03M470,
03M479,A
03M485,A
03M492,A
03M494,C
03M541,A
03M860,A
04M409,D
04M435,B
04M495,B
04M555,A
04M610,A
04M635,
04M680,C
05M304,C
05M362,
05M367,F
05M369,C
05M469,F
05M499,C
05M670,B
05M685,F
05M692,A
06M293,A
06M346,B
06M348,A
06M462,B
06M463,B
06M467,B
06M468,C
06M540,D
06M552,A
07X221,A
07X334,B
07X427,B
07X473,B
07X495,A
07X500,B
07X520,C
07X522,
07X527,C
07X547,B
07X548,B
07X551,B
07X600,B
07X655,
07X670,C
08X269,
08X282,C
08X293,B
08X295,
08X305,B
08X312,B
08X332,D
08X367,
08X376,
08X405,D
08X432,
08X452,A
08X519,C
08X530,C
08X540,
08X650,
09X227,A
09X231,B
09X239,
09X241,A
09X250,B
09X252,B
09X260,A
09X263,B
09X276,D
09X297,B
09X324,
09X329,B
09X365,A
09X403,A
09X404,A
09X412,C
09X413,B
09X414,D
09X505,B
09X517,B
09X525,B
09X543,B
10X141,B
10X213,B
10X225,B
10X237,C
10X243,C
10X268,B
10X284,B
10X342,A
10X368,C
10X374,B
10X397,C
10X433,B
10X434,B
10X437,A
10X438,F
10X439,C
10X440,F
10X442,B
10X445,A
10X475,
10X477,A
10X524,
10X546,B
10X549,A
10X660,
10X696,A
11X253,C
11X265,B
11X270,B
11X275,A
11X288,B
11X290,A
11X299,B
11X415,
11X418,C
11X455,A
11X508,
11X509,
11X513,A
11X514,C
11X541,
11X542,B
11X544,B
11X545,A
12X242,
12X245,
12X248,A
12X251,A
12X262,
12X267,A
12X271,B
12X278,D
12X372,
12X388,A
12X478,
12X479,
12X511,
12X521,
12X550,B
12X682,B
12X684,C
12X690,
12X692,C
13K265,B
13K336,
13K350,B
13K412,B
13K419,B
13K430,B
13K439,A
13K483,A
13K499,B
13K509,F
13K527,
13K595,A
13K605,C
13K670,B
13K674,
14K071,C
14K322,F
14K449,B
14K454,B
14K474,B
14K477,C
14K478,B
14K488,A
14K558,A
14K561,A
14K586,B
14K610,C
14K614,
14K632,A
14K685,A
15K429,B
15K448,A
15K462,C
15K463,C
15K464,C
15K497,B
15K519,B
15K530,
15K656,C
15K667,
15K684,
16K393,D
16K455,F
16K498,A
16K594,B
16K688,
17K122,
17K382,B
17K408,C
17K524,A
17K528,C
17K531,A
17K533,C
17K537,A
17K539,A
17K543,A
17K544,
17K546,A
17K547,C
17K548,B
17K590,B
17K600,C
17K625,
17K751,
18K563,A
18K566,C
18K567,C
18K569,A
18K576,A
18K589,C
18K617,C
18K629,B
18K633,A
18K637,C
18K642,C
19K404,B
19K409,C
19K420,
19K502,B
19K504,C
19K507,B
19K510,B
19K583,D
19K615,C
19K618,B
19K639,D
19K659,D
19K660,B
19K683,A
20K445,B
20K485,A
20K490,B
20K505,B
20K609,
21K337,B
21K344,B
21K348,C
21K410,C
21K468,
21K525,B
21K540,B
21K559,B
21K572,B
21K620,B
21K690,B
22K405,B
22K425,B
22K495,D
22K535,A
22K555,A
23K493,C
23K514,C
23K644,
23K697,B
24Q264,A
24Q267,A
24Q293,A
24Q296,D
24Q299,A
24Q455,B
24Q485,B
24Q520,B
24Q530,A
24Q550,A
24Q560,C
24Q585,
24Q600,B
24Q610,A
25Q252,B
25Q263,B
25Q281,B
25Q285,A
25Q425,C
25Q460,D
25Q525,A
25Q670,B
26Q415,B
26Q430,A
26Q435,C
26Q495,A
26Q566,B
27Q260,C
27Q262,A
27Q302,C
27Q308,A
27Q309,B
27Q323,A
27Q324,
27Q351,
27Q400,D
27Q410,
27Q475,C
27Q480,C
27Q650,B
28Q157,
28Q284,
28Q310,A
28Q325,
28Q328,
28Q350,A
28Q440,A
28Q470,
28Q505,B
28Q620,A
28Q680,B
28Q686,
28Q687,A
28Q690,B
28Q896,B
29Q248,B
29Q259,C
29Q265,A
29Q272,C
29Q283,A
29Q326,
29Q492,C
29Q494,D
29Q496,D
29Q498,B
30Q286,
30Q301,A
30Q445,C
30Q450,C
30Q501,A
30Q502,C
30Q555,A
30Q575,A
30Q580,A
31R047,A
31R064,A
31R080,A
31R440,B
31R445,B
31R450,B
31R455,B
31R460,A
31R600,B
31R605,A
32K168,
32K403,A
32K545,B
32K549,B
32K552,C
32K554,A
32K556,C
84K359,
84K473,B
84K693,
84K694,
84K888,
84K999,
84M279,
84M284,A
84M350,
84M353,A
84M433,
84M522,
84M888,C
84M999,
84Q705,B
84X185,
84X345,
84X347,A
84X393,A
84X395,B
84X539,
84X553,
84X703,D
01M458,C
01M515,A
01M650,A
02M313,C
02M394,
02M432,
02M544,C
02M550,A
02M560,C
02M565,A
02M570,A
02M575,A
02M586,B
02M605,B
03M404,C
03M505,C
05M285,A
06M423,
07X321,B
07X379,C
07X381,C
08X377,C
08X537,
08X560,
10X319,B
12X446,B
12X480,F
13K553,A
13K575,C
13K616,B
15K423,
15K520,
15K529,A
15K698,C
17K489,C
17K568,A
18K578,B
18K635,C
18K673,B
21K728,B
23K643,B
23K646,D
23K647,A
24Q744,A
25Q540,B
25Q792,B
28Q338,D
31R470,A
32K564,C
02M473,B
06M457,A
07X456,B
08X408,B
08X507,C
10X503,B
10X504,C
10X667,B
11X417,B
12X428,B
13K657,B
14K923,B
17K467,B
18K922,B
19K431,A
19K501,A
20K658,B
21K411,B
24Q457,A
25Q467,A
27Q487,A
31R607,B
